uid,scene,count,rt,order
0,3,5,3686.0,21
0,4,3,2987.0,23
0,6,3,3123.0,25
0,5,3,2851.0,27
0,2,3,3020.0,29
1,6,4,7049.0,21
1,4,3,2943.0,23
1,5,5,3199.0,25
1,3,4,3433.0,27
1,2,2,3255.0,29
2,6,4,3560.0,13
2,1,4,2866.0,15
2,5,5,4273.0,17
2,4,5,2268.0,19
2,3,4,2094.0,21
3,4,3,3732.0,13
3,5,6,2013.0,15
3,6,4,4554.0,17
3,1,4,7716.0,19
3,3,5,5566.0,21
4,6,4,3449.0,13
4,5,5,2303.0,15
4,2,3,2500.0,17
4,1,4,70779.0,19
4,4,3,2131.0,21
5,6,4,3521.0,13
5,5,6,2696.0,15
5,2,3,2449.0,17
5,1,3,2375.0,19
5,4,4,2562.0,21
6,6,5,5102.0,13
6,3,3,4390.0,15
6,1,3,4106.0,17
6,2,2,3569.0,19
6,5,5,7290.0,21
7,3,5,5161.0,13
7,2,3,4081.0,15
7,6,3,4184.0,17
7,1,3,3417.0,19
7,5,5,3788.0,21
8,4,3,3980.0,13
8,1,3,3074.0,15
8,2,3,2500.0,17
8,3,5,2439.0,19
8,6,2,2366.0,21
9,1,4,3169.0,13
9,2,2,2761.0,15
9,4,3,3104.0,17
9,3,4,3158.0,19
9,6,3,2480.0,21
10,5,6,2788.0,13
10,4,3,2331.0,15
10,2,3,3781.0,17
10,3,4,4436.0,19
10,1,2,5070.0,21
11,4,3,3297.0,13
11,2,3,2690.0,15
11,3,4,2601.0,17
11,5,5,2093.0,19
11,1,3,2356.0,21
12,5,3,6277.0,29
12,6,5,4857.0,31
12,4,4,5242.0,33
12,3,6,5800.0,35
12,2,4,5596.0,37
13,5,5,2963.0,13
13,6,4,2910.0,15
13,3,4,7484.0,17
13,4,3,3356.0,19
13,2,4,11748.0,21
14,5,4,4516.0,13
14,6,5,3332.0,15
14,4,3,3927.0,17
14,1,3,3640.0,19
14,3,5,3353.0,21
15,1,2,4214.0,13
15,6,3,3473.0,15
15,5,5,3760.0,17
15,4,3,3508.0,19
15,3,5,3393.0,21
16,5,5,4546.0,13
16,6,4,4987.0,15
16,2,3,3874.0,17
16,1,3,3406.0,19
16,4,3,3309.0,21
17,5,4,3163.0,13
17,2,3,3036.0,15
17,1,2,3280.0,17
17,6,2,3487.0,19
17,4,3,2993.0,21
18,1,4,4496.0,21
18,2,3,20113.0,23
18,3,6,3543.0,25
18,6,5,8795.0,27
18,5,4,2817.0,29
19,2,4,2146.0,13
19,4,4,2562.0,15
19,3,6,2381.0,17
19,1,5,5709.0,19
19,6,4,2431.0,21
20,3,5,2798.0,21
20,2,4,3762.0,23
20,5,5,2178.0,25
20,4,3,2495.0,27
20,1,4,2196.0,29
21,5,6,2884.0,13
21,4,6,2336.0,15
21,2,2,3006.0,17
21,3,4,8301.0,19
21,1,3,2978.0,21
22,6,4,3084.0,13
22,4,3,3367.0,15
22,3,4,3021.0,17
22,5,6,2887.0,19
22,2,3,2602.0,21
23,3,3,3224.0,13
23,4,3,2638.0,15
23,1,2,3693.0,17
23,2,3,3419.0,19
23,6,3,3175.0,21
24,2,5,3219.0,13
24,1,3,3028.0,15
24,3,4,3936.0,17
24,4,3,2494.0,19
24,6,2,2962.0,21
25,5,5,2495.0,13
25,6,4,2264.0,15
25,4,4,2674.0,17
25,3,4,2417.0,19
25,2,3,2832.0,21
26,1,3,3947.0,13
26,5,4,2853.0,15
26,4,3,3462.0,17
26,6,3,4698.0,19
26,3,4,2832.0,21
27,1,3,3542.0,13
27,4,3,2904.0,15
27,6,3,2573.0,17
27,5,6,2574.0,19
27,3,4,2862.0,21
28,5,5,4432.0,13
28,6,5,5133.0,15
28,1,3,4399.0,17
28,2,2,4151.0,19
28,4,4,4700.0,21
29,1,4,2598.0,13
29,2,3,2044.0,15
29,6,3,2608.0,17
29,5,5,2470.0,19
29,4,2,1900.0,21
30,3,4,1922.0,21
30,1,3,2090.0,23
30,2,3,2186.0,25
30,6,3,1599.0,27
30,5,6,1812.0,29
31,2,4,3174.0,13
31,6,4,3535.0,15
31,1,3,4040.0,17
31,3,6,3391.0,19
31,5,5,3270.0,21
32,3,4,3331.0,13
32,2,3,2485.0,15
32,5,5,3345.0,17
32,4,3,2890.0,19
32,1,3,2876.0,21
33,2,3,2527.0,13
33,1,3,2760.0,15
33,5,5,2479.0,17
33,6,3,2520.0,19
33,4,3,2695.0,21
34,2,3,4055.0,13
34,1,3,4175.0,15
34,6,3,3569.0,17
34,3,4,4219.0,19
34,5,4,4595.0,21
35,4,3,3374.0,13
35,6,3,2645.0,15
35,3,4,2510.0,17
35,5,5,3389.0,19
35,2,3,2809.0,21
36,1,2,3408.0,13
36,4,3,2843.0,15
36,2,3,2596.0,17
36,3,5,3261.0,19
36,6,3,2697.0,21
37,3,4,6996.0,13
37,6,5,4058.0,15
37,5,5,4692.0,17
37,4,3,4931.0,19
37,2,2,4584.0,21
38,6,4,4729.0,13
38,5,6,3684.0,15
38,4,3,3254.0,17
38,1,3,4267.0,19
38,3,4,4108.0,21
39,5,6,4323.0,13
39,1,5,3975.0,15
39,4,4,3039.0,17
39,6,4,5963.0,19
39,3,6,4535.0,21
40,5,4,2678.0,13
40,1,4,3444.0,15
40,2,4,2863.0,17
40,6,4,2846.0,19
40,4,4,3083.0,21
41,1,4,3001.0,13
41,4,3,3929.0,15
41,2,3,2719.0,17
41,3,6,3784.0,19
41,6,3,3075.0,21
42,2,4,2408.0,21
42,6,5,1960.0,23
42,3,5,1953.0,25
42,1,3,2859.0,27
42,5,6,2792.0,29
43,4,6,4520.0,13
43,2,4,3044.0,15
43,3,5,2586.0,17
43,5,5,2855.0,19
43,1,3,2238.0,21
44,2,5,4534.0,13
44,3,5,4383.0,15
44,5,5,3953.0,17
44,4,6,3769.0,19
44,1,4,3289.0,21
45,5,5,3241.0,13
45,1,3,2006.0,15
45,2,3,2535.0,17
45,6,4,2573.0,19
45,4,2,3081.0,21
46,3,6,3117.0,29
46,2,3,3275.0,31
46,1,3,3427.0,33
46,6,3,3040.0,35
46,5,5,3179.0,37
47,5,6,3161.0,13
47,3,5,3081.0,15
47,6,3,2746.0,17
47,4,3,2729.0,19
47,2,3,3144.0,21
48,4,6,4798.0,13
48,6,4,2811.0,15
48,3,5,3548.0,17
48,5,3,3225.0,19
48,2,4,3386.0,21
49,6,4,2644.0,13
49,5,5,2627.0,15
49,4,3,2898.0,17
49,1,2,2376.0,19
49,3,6,2262.0,21
50,5,4,4029.0,13
50,4,3,3544.0,15
50,1,3,6022.0,17
50,6,4,4207.0,19
50,3,5,3674.0,21
51,3,4,3649.0,21
51,4,3,4106.0,23
51,2,3,2507.0,25
51,1,3,5843.0,27
51,6,3,2966.0,29
52,4,6,6922.0,13
52,3,7,3992.0,15
52,1,3,4290.0,17
52,2,3,4021.0,19
52,6,4,5124.0,21
53,5,5,2578.0,21
53,3,5,3326.0,23
53,2,3,3254.0,25
53,4,3,2702.0,27
53,1,3,2561.0,29
54,3,5,4302.0,13
54,5,5,3499.0,15
54,2,4,3824.0,17
54,4,3,3822.0,19
54,1,2,3125.0,21
55,3,6,2899.0,13
55,2,3,2933.0,15
55,6,3,2949.0,17
55,1,4,2867.0,19
55,5,6,2200.0,21
56,2,6,4703.0,13
56,1,4,8967.0,15
56,3,5,4042.0,17
56,4,4,4214.0,19
56,6,4,4627.0,21
57,6,5,3192.0,13
57,1,5,2757.0,15
57,2,4,2403.0,17
57,5,4,2334.0,19
57,4,3,2282.0,21
58,4,3,2627.0,13
58,5,5,2179.0,15
58,6,4,2241.0,17
58,3,4,2061.0,19
58,2,3,2466.0,21
59,5,5,2822.0,13
59,4,3,2185.0,15
59,6,4,2316.0,17
59,1,2,2767.0,19
59,3,4,2169.0,21
60,1,3,2259.0,13
60,4,4,2366.0,15
60,5,6,2472.0,17
60,6,3,3908.0,19
60,3,4,2534.0,21
61,6,5,3559.0,21
61,1,3,2628.0,23
61,2,4,3799.0,25
61,5,5,4890.0,27
61,4,5,4631.0,29
62,2,2,2128.0,21
62,1,3,2036.0,23
62,3,4,2304.0,25
62,6,3,3101.0,27
62,5,4,2334.0,29
63,3,6,2897.0,13
63,1,4,3094.0,15
63,4,3,3053.0,17
63,2,3,2923.0,19
63,6,4,3468.0,21
64,6,4,3248.0,13
64,1,4,2345.0,15
64,2,3,3189.0,17
64,3,6,2894.0,19
64,5,5,2214.0,21
65,5,4,4641.0,13
65,3,4,2338.0,15
65,2,3,2274.0,17
65,4,3,2317.0,19
65,1,3,2526.0,21
66,4,3,3220.0,21
66,5,5,4045.0,23
66,3,5,3763.0,25
66,2,3,3674.0,27
66,1,3,3179.0,29
67,3,8,3372.0,13
67,6,4,3035.0,15
67,4,4,3304.0,17
67,5,5,3316.0,19
67,2,3,3010.0,21
68,5,6,3680.0,21
68,1,3,3896.0,23
68,6,4,6530.0,25
68,4,3,3596.0,27
68,3,5,4169.0,29
69,5,5,3146.0,13
69,6,4,2925.0,15
69,4,3,2577.0,17
69,1,3,2876.0,19
69,3,4,2843.0,21
70,1,4,2357.0,13
70,5,5,2977.0,15
70,6,5,1923.0,17
70,2,3,3245.0,19
70,4,3,2129.0,21
71,2,4,3436.0,13
71,5,4,3395.0,15
71,1,2,3859.0,17
71,6,5,4416.0,19
71,4,4,3549.0,21
72,2,3,3749.0,13
72,1,3,3217.0,15
72,6,3,2881.0,17
72,3,4,2772.0,19
72,5,6,3887.0,21
73,2,3,2486.0,13
73,4,3,2844.0,15
73,3,4,3203.0,17
73,1,2,2752.0,19
73,6,3,1995.0,21
74,3,4,2244.0,13
74,4,3,1921.0,15
74,2,3,2022.0,17
74,1,2,2419.0,19
74,6,2,3104.0,21
75,4,3,3738.0,13
75,5,4,3923.0,15
75,6,5,4048.0,17
75,3,6,3559.0,19
75,2,3,3270.0,21
76,1,4,6957.0,13
76,3,4,4625.0,15
76,6,3,4711.0,17
76,2,2,5905.0,19
76,5,4,7508.0,21
77,5,5,4861.0,13
77,4,3,3993.0,15
77,2,3,3713.0,17
77,3,4,3738.0,19
77,1,3,4863.0,21
78,3,5,3804.0,13
78,6,4,4323.0,15
78,4,3,4472.0,17
78,5,5,3805.0,19
78,2,3,3455.0,21
79,1,5,7126.0,13
79,5,5,5422.0,15
79,6,4,5262.0,17
79,4,2,5069.0,19
79,3,5,5114.0,21
80,4,3,3279.0,13
80,5,5,2992.0,15
80,1,3,3008.0,17
80,6,3,4030.0,19
80,3,4,3412.0,21
81,6,4,4594.0,13
81,2,4,4926.0,15
81,5,6,4161.0,17
81,1,5,4272.0,19
81,4,3,3515.0,21
82,5,5,3887.0,13
82,2,3,2785.0,15
82,6,4,2420.0,17
82,1,4,4327.0,19
82,4,2,4109.0,21
83,2,5,3406.0,13
83,3,4,2412.0,15
83,6,4,2842.0,17
83,1,4,3393.0,19
83,5,5,2658.0,21
84,2,3,3573.0,13
84,1,3,4880.0,15
84,3,5,4198.0,17
84,4,3,3719.0,19
84,6,3,3895.0,21
85,3,6,2240.0,13
85,5,5,2039.0,15
85,2,3,2309.0,17
85,4,4,2023.0,19
85,1,3,12082.0,21
86,3,5,2385.0,13
86,2,3,4299.0,15
86,4,3,2730.0,17
86,1,3,3285.0,19
86,6,4,2857.0,21
87,4,3,3170.0,13
87,3,4,2640.0,15
87,6,4,4016.0,17
87,5,4,2302.0,19
87,2,3,2698.0,21
88,4,4,3817.0,13
88,2,3,2704.0,15
88,5,6,3974.0,17
88,3,4,2513.0,19
88,1,3,3670.0,21
89,3,7,2852.0,13
89,6,4,3209.0,15
89,1,4,3647.0,17
89,2,3,12725.0,19
89,5,6,2631.0,21
90,5,5,2765.0,13
90,4,3,2659.0,15
90,3,6,1789.0,17
90,2,3,2233.0,19
90,1,3,2146.0,21
91,6,3,5318.0,13
91,1,3,4878.0,15
91,2,3,2980.0,17
91,5,2,3997.0,19
91,4,4,2961.0,21
92,6,4,2555.0,13
92,4,3,2152.0,15
92,5,6,2994.0,17
92,3,4,1693.0,19
92,2,3,1915.0,21
93,4,3,3105.0,21
93,6,3,3781.0,23
93,3,4,3446.0,25
93,5,6,4041.0,27
93,2,2,3326.0,29
94,1,3,4439.0,29
94,2,3,3855.0,31
94,4,3,5373.0,33
94,3,4,4645.0,35
94,6,3,3075.0,37
95,2,3,1747.0,13
95,4,3,1775.0,15
95,3,6,1443.0,17
95,1,2,2095.0,19
95,6,4,1764.0,21
96,1,4,2876.0,13
96,4,4,2471.0,15
96,5,6,2593.0,17
96,6,3,2496.0,19
96,3,4,2839.0,21
97,5,5,4049.0,13
97,4,4,3256.0,15
97,6,4,2898.0,17
97,1,2,2941.0,19
97,3,4,3028.0,21
98,1,4,4019.0,13
98,2,2,3046.0,15
98,6,3,2938.0,17
98,3,5,3475.0,19
98,5,6,3206.0,21
99,6,5,4769.0,13
99,1,3,4184.0,15
99,5,5,2890.0,17
99,2,3,3062.0,19
99,4,3,2804.0,21
100,2,3,3522.0,21
100,5,5,4085.0,23
100,4,4,3112.0,25
100,3,5,4026.0,27
100,1,1,2390.0,29
101,1,4,2146.0,13
101,3,4,1957.0,15
101,6,4,2104.0,17
101,2,3,2290.0,19
101,5,5,2441.0,21
102,4,3,145176.0,13
102,2,2,2226.0,15
102,3,4,2606.0,17
102,5,5,2714.0,19
102,1,2,3046.0,21
103,4,3,3237.0,13
103,3,4,4367.0,15
103,5,4,3747.0,17
103,6,3,2691.0,19
103,2,3,2863.0,21
104,4,4,11106.0,13
104,3,5,9590.0,15
104,5,6,9646.0,17
104,6,3,8601.0,19
104,2,3,8357.0,21
105,6,5,3499.0,13
105,5,6,3066.0,15
105,1,5,3152.0,17
105,2,2,3198.0,19
105,4,3,3590.0,21
106,4,6,1960.0,13
106,2,4,3477.0,15
106,3,7,2094.0,17
106,1,4,2860.0,19
106,6,5,3027.0,21
107,1,2,4007.0,13
107,3,4,4141.0,15
107,2,3,4479.0,17
107,4,3,3740.0,19
107,6,3,4092.0,21
108,5,6,4250.0,13
108,6,4,2685.0,15
108,1,2,3746.0,17
108,4,3,2509.0,19
108,3,5,3624.0,21
109,1,4,2814.0,13
109,4,5,2467.0,15
109,6,3,3006.0,17
109,5,6,2914.0,19
109,3,4,2352.0,21
110,2,4,2175.0,13
110,6,3,3119.0,15
110,1,2,3166.0,17
110,5,4,2131.0,19
110,4,3,1905.0,21
111,6,5,6011.0,13
111,3,6,3661.0,15
111,2,3,4588.0,17
111,1,3,3246.0,19
111,5,4,3700.0,21
112,3,5,2659.0,13
112,4,4,1992.0,15
112,5,5,1710.0,17
112,2,2,2960.0,19
112,1,2,8744.0,21
113,2,4,3969.0,13
113,4,3,3204.0,15
113,5,5,3118.0,17
113,3,5,3371.0,19
113,1,3,2805.0,21
114,3,6,3816.0,13
114,6,5,2727.0,15
114,5,5,2673.0,17
114,4,5,3650.0,19
114,2,4,3110.0,21
115,2,6,2406.0,13
115,6,6,2642.0,15
115,3,7,3183.0,17
115,1,7,3324.0,19
115,5,8,2756.0,21
116,1,2,3909.0,13
116,5,6,3123.0,15
116,2,3,3302.0,17
116,6,3,3979.0,19
116,4,3,3264.0,21
117,4,3,2723.0,13
117,3,4,2640.0,15
117,2,3,3368.0,17
117,1,3,2614.0,19
117,6,3,2870.0,21
118,3,4,2250.0,13
118,5,6,2350.0,15
118,4,3,2636.0,17
118,6,3,2571.0,19
118,2,3,2998.0,21
119,1,3,2484.0,13
119,4,3,2430.0,15
119,5,5,2501.0,17
119,6,3,3360.0,19
119,3,5,2380.0,21
120,1,2,2730.0,13
120,5,6,2630.0,15
120,6,3,2353.0,17
120,4,3,2600.0,19
120,3,4,2517.0,21
121,5,6,6768.0,13
121,6,7,13105.0,15
121,2,8,4535.0,17
121,1,7,12386.0,19
121,4,8,14270.0,21
122,1,2,13807.0,13
122,3,5,49848.0,15
122,2,3,129083.0,17
122,6,4,6029.0,19
122,5,5,206575.0,21
123,2,3,3499.0,13
123,4,3,3624.0,15
123,3,5,3365.0,17
123,1,3,4494.0,19
123,6,3,3945.0,21
124,3,4,4427.0,13
124,4,3,4302.0,15
124,5,5,4248.0,17
124,2,2,3918.0,19
124,1,3,3823.0,21
